"Object designation","Removal date in UTC","VI date in UTC","Last IP","Last PS"
"2025HR43","2025-11-24 19:06","2077-05-06 20:55","2.94E-10","-8.15"
"2025VQ","2025-11-23 13:22","2113-11-09 06:23","5.30E-09","-8.79"
"2025UK11","2025-11-21 13:18","2122-10-24 08:12","1.81E-09","-9.32"
"2025UF10","2025-11-21 13:16","2121-12-11 18:15","1.51E-10","-8.70"
"2025VO1","2025-11-20 13:34","2081-04-05 10:50","7.89E-08","-7.92"
"2025VK2","2025-11-18 14:18","2061-11-12 02:19","2.81E-08","-7.62"
"2025UF10","2025-11-17 14:18","2121-12-11 18:27","6.18E-09","-7.12"
"2025VP2","2025-11-15 16:02","2048-11-21 07:25","6.42E-06","-4.69"
"2025VK2","2025-11-14 14:03","2114-11-07 23:43","2.42E-10","-10.04"
"2025UF10","2025-11-11 13:18","2116-12-11 04:25","3.35E-10","-8.32"
"2025UF10","2025-11-09 12:55","2101-12-13 00:33","1.07E-07","-5.74"
"2025UT5","2025-11-05 13:33","2119-10-25 03:24","1.86E-10","-11.16"
"2025RM1","2025-11-05 13:30","2048-09-03 13:47","2.87E-06","-5.07"
"2022VF1","2025-11-05 10:25","2071-05-30 09:12","3.04E-10","-8.01"
"2025UH11","2025-11-03 13:21","2102-11-03 04:55","3.60E-09","-9.52"
"2025UC7","2025-11-01 13:38","2118-10-24 13:41","2.15E-09","-11.18"
"2025UE7","2025-11-01 13:33","2122-10-26 16:48","3.21E-07","-8.45"
"2025UK11","2025-11-01 13:31","2122-10-24 08:08","1.00E-08","-8.54"
"2020FA5","2025-10-28 16:33","2110-10-29 06:35","9.34E-08","-4.99"
"2025UG6","2025-10-28 14:32","2083-08-22 14:29","2.18E-08","-9.36"
"2025UG6","2025-10-27 17:52","2057-08-10 17:09","2.62E-08","-9.02"
"2025SM","2025-10-27 14:34","2084-08-29 03:38","1.31E-07","-6.60"
"2025UC3","2025-10-25 16:41","2103-10-17 01:54","3.46E-09","-8.32"
"2025UD3","2025-10-23 14:55","2105-10-25 09:04","1.61E-07","-8.84"
"2025TW5","2025-10-21 15:41","2091-10-04 12:51","4.25E-10","-9.73"
"2025SC5","2025-10-20 14:16","2086-09-21 13:21","2.87E-05","-4.08"
"2025SG42","2025-10-19 14:20","2069-04-04 06:53","6.72E-08","-4.61"
"2025TO8","2025-10-17 13:25","2121-10-13 15:51","4.63E-11","-9.33"
"2025TW5","2025-10-15 15:19","2091-10-04 16:35","1.01E-11","-11.37"
"2025QF85","2025-10-14 14:14","2069-05-29 03:36","9.68E-08","-2.85"
"2025TU1","2025-10-13 14:11","2089-08-27 06:23","6.45E-08","-8.12"
"2025SX26","2025-10-11 15:03","2039-10-15 17:50","5.88E-10","-9.29"
"2025TK","2025-10-09 12:53","2100-09-29 07:34","3.88E-07","-7.27"
"2025SQ27","2025-10-02 13:48","2054-10-29 05:57","1.02E-08","-8.28"
"2025SL22","2025-10-01 15:13","2050-09-21 14:54","2.83E-08","-9.13"
"2025QL2","2025-10-01 15:06","2058-08-08 22:23","1.32E-05","-5.61"
"2025SV6","2025-09-30 15:50","2074-10-18 00:02","6.16E-07","-7.46"
"2025SO20","2025-09-30 15:40","2052-09-28 04:59","2.64E-10","-11.00"
"2025SF15","2025-09-30 15:30","2095-10-07 06:18","1.89E-11","-7.14"
"2025SS3","2025-09-28 14:31","2114-10-07 23:18","6.17E-08","-6.74"
"2025SS","2025-09-26 14:42","2088-09-20 22:48","3.35E-10","-9.83"
"2025SE3","2025-09-26 14:38","2064-03-19 21:09","9.79E-11","-8.97"
"2025SW","2025-09-25 15:41","2119-09-23 22:56","2.10E-08","-6.92"
"2025SW6","2025-09-25 15:36","2115-03-17 01:54","4.37E-07","-8.41"
"2025SQ3","2025-09-25 15:36","2108-12-18 23:37","1.57E-08","-5.47"
"2025JU","2025-09-24 16:30","2074-10-02 08:27","3.54E-05","-3.44"
"2025SS3","2025-09-22 13:05","2114-10-07 23:27","2.43E-07","-6.10"
"2025RD5","2025-09-21 13:44","2057-01-11 16:54","3.59E-09","-5.60"
"2025RP2","2025-09-19 13:38","2059-09-15 08:28","2.44E-07","-6.75"
"2025RC2","2025-09-18 17:11","2081-09-19 08:37","4.43E-10","-9.80"
"2025QN6","2025-09-18 14:29","2071-02-02 10:33","1.69E-10","-7.52"
"2022SY336","2025-09-17 14:49","2067-05-06 10:12","7.48E-09","-3.61"
"2025RK1","2025-09-15 13:45","2106-01-21 07:01","3.05E-09","-6.61"
"2017RZ17","2025-09-09 13:25","2027-04-24 11:22","1.96E-10","-5.74"
"2025RU","2025-09-04 13:52","2105-02-20 02:02","1.80E-06","-5.95"
"2025QU11","2025-09-02 07:51","2125-09-17 23:09","1.14E-11","-10.80"
"2023DA","2025-08-31 15:45","2116-03-10 00:41","1.44E-06","-6.97"
"2025PM1","2025-08-29 14:37","2120-08-21 04:19","1.10E-08","-8.76"
"2025PV3","2025-08-24 14:08","2076-08-07 23:55","2.74E-11","-8.18"
"2025OG17","2025-08-24 14:07","2120-11-05 21:44","1.06E-07","-5.01"
"2009HC","2025-08-23 14:46","2113-04-11 09:42","5.13E-07","-6.64"
"2025QR1","2025-08-23 13:33","2109-10-08 15:58","1.05E-09","-7.69"
"2025PJ1","2025-08-20 13:24","2048-09-20 06:50","2.75E-10","-7.71"
"2025PM","2025-08-16 13:07","2121-08-20 04:06","8.74E-11","-9.97"
"2025PY1","2025-08-15 13:15","2096-08-17 02:35","8.94E-10","-10.63"
"2025PM1","2025-08-13 13:28","2066-08-22 05:37","1.64E-06","-6.27"
"2025PO1","2025-08-10 12:56","2107-08-01 17:08","1.08E-10","-9.95"
"2025OR4","2025-08-08 13:09","2125-08-15 14:46","2.56E-08","-8.73"
"2020HL212","2025-08-06 13:28","2054-05-28 06:27","1.08E-11","-8.08"
"2024BY15","2025-08-05 13:53","2095-03-21 14:43","8.15E-05","-5.28"
"2025EL12","2025-07-17 12:59","2104-09-16 13:52","1.94E-06","-4.86"
"2025HV49","2025-07-10 12:42","2029-06-01 01:56","5.25E-07","-2.64"
"2025MN88","2025-07-07 13:26","2075-09-25 09:56","3.23E-11","-11.17"
"2025NL","2025-07-07 13:20","2096-06-28 14:09","1.01E-05","-6.53"
"2025MV89","2025-07-04 13:08","2071-07-07 20:30","4.97E-09","-8.23"
"2025MN88","2025-07-03 13:30","2075-09-25 09:49","8.18E-09","-8.79"
"2025MJ2","2025-07-02 12:57","2114-10-12 02:48","6.11E-09","-6.71"
"2025MJ90","2025-07-01 14:08","2070-04-01 17:53","1.94E-07","-4.37"
"2025ML2","2025-06-30 14:33","2097-06-22 04:12","5.49E-08","-7.75"
"2025MN88","2025-06-27 15:18","2089-09-16 11:47","6.17E-08","-8.02"
"2025ML2","2025-06-25 16:59","2060-06-21 19:13","2.36E-07","-6.73"
"2025LL","2025-06-24 16:20","2103-08-19 14:42","1.29E-09","-7.75"
"2025KC3","2025-06-20 13:23","2121-08-20 03:58","2.19E-11","-8.21"
"2025ML","2025-06-19 13:34","2065-07-01 07:28","1.10E-11","-11.22"
"2025KK","2025-06-18 13:43","2123-05-30 02:52","2.19E-06","-7.32"
"2025MB","2025-06-18 13:37","2076-06-18 02:52","2.76E-04","-5.88"
"2016WN55","2025-06-17 13:54","2084-01-20 03:21","4.20E-07","-6.90"
"2025KT6","2025-06-14 13:11","2121-06-25 00:38","4.77E-10","-8.91"
"2025LS","2025-06-14 13:09","2051-04-02 03:41","2.04E-11","-9.65"
"2025LB","2025-06-03 13:12","2068-06-03 17:47","7.49E-07","-6.88"
"2025HT6","2025-05-27 13:15","2121-01-01 08:52","5.02E-08","-6.87"
"2025KG1","2025-05-27 13:00","2096-09-07 06:20","7.63E-09","-6.99"
"2025KB1","2025-05-23 13:21","2104-05-20 16:11","2.93E-06","-5.96"
"2025KR","2025-05-22 13:31","2081-05-25 08:52","1.24E-08","-7.64"
"2025KM","2025-05-22 13:28","2116-07-28 05:50","1.99E-07","-8.75"
"2025KD","2025-05-21 13:36","2125-05-17 01:55","1.49E-09","-9.63"
"2025HT6","2025-05-21 13:36","2126-01-01 02:55","5.87E-08","-6.81"
"2025FA22","2025-05-17 14:42","2089-09-19 06:13","4.59E-07","-4.78"
"2025HT6","2025-05-17 12:55","2107-01-01 04:37","2.14E-10","-9.14"
"2010LY74","2025-05-16 08:53","2026-01-10 13:54","2.07E-10","-4.62"
"2025GX","2025-05-09 13:38","2081-04-19 08:23","8.26E-08","-8.14"
"2023UY3","2025-05-07 14:21","2119-04-20 13:14","1.72E-06","-7.05"
"2025HM15","2025-05-04 12:57","2110-05-30 08:34","8.14E-11","-8.78"
"2025HY1","2025-05-03 13:04","2083-04-15 11:45","9.26E-07","-7.27"
"2025HJ5","2025-05-02 13:54","2124-05-23 03:47","1.61E-09","-10.06"
"2025HS18","2025-05-01 13:10","2090-05-07 10:22","2.82E-07","-7.85"
"2025HM15","2025-05-01 13:06","2124-05-29 15:39","7.62E-10","-8.03"
"2025DJ5","2025-04-29 14:31","2074-04-20 09:06","1.92E-05","-4.83"
"2025HC6","2025-04-29 14:24","2077-04-29 03:08","6.42E-09","-9.03"
"2025HJ5","2025-04-29 14:24","2124-05-23 04:33","2.74E-08","-8.83"
"2025HW1","2025-04-27 14:12","2118-05-01 03:18","2.26E-10","-9.98"
"2025HW1","2025-04-25 14:32","2123-05-01 08:25","8.03E-11","-10.47"
"2025HL1","2025-04-25 14:13","2117-04-06 03:34","6.52E-10","-10.81"
"2025FU5","2025-04-22 14:42","2086-05-12 19:51","5.85E-08","-6.39"
"2018QE","2025-04-21 19:54","2068-10-11 01:41","1.38E-05","-6.37"
"2024UC2","2025-04-21 19:20","2079-10-10 20:58","2.26E-06","-7.29"
"2024HJ","2025-04-17 14:48","2099-04-24 18:28","7.94E-08","-4.84"
"2025GX","2025-04-17 13:41","2081-04-19 07:58","6.54E-08","-8.25"
"2025GF1","2025-04-17 13:01","2039-10-26 08:36","4.78E-11","-7.77"
"2025EQ2","2025-04-13 12:25","2078-03-24 04:43","6.56E-06","-6.20"
"2025FA6","2025-04-10 11:26","2119-06-21 02:30","1.63E-11","-10.48"
"2025FR18","2025-04-05 13:19","2108-04-21 13:38","1.54E-10","-8.57"
"2025FA15","2025-04-03 13:58","2063-09-23 16:40","1.26E-07","-6.76"
"2025FS16","2025-04-03 13:52","2038-04-16 19:08","6.53E-11","-9.28"
"2025GB","2025-04-02 13:50","2082-04-03 23:23","1.05E-09","-8.88"
"2025FV2","2025-04-01 13:52","2091-07-21 07:59","1.91E-09","-6.77"
"2025FM18","2025-04-01 13:48","2100-07-28 11:28","2.25E-08","-9.66"
"2025FA6","2025-03-31 13:45","2119-06-21 00:20","3.68E-07","-6.09"
"2011VG9","2025-03-29 14:55","2104-11-03 20:47","2.87E-07","-5.02"
"2025FQ7","2025-03-28 14:20","2094-04-02 12:31","1.86E-07","-7.61"
"2025FB8","2025-03-27 16:13","2069-03-29 08:53","2.30E-07","-8.45"
"2025FO2","2025-03-27 15:37","2105-12-04 05:41","2.46E-08","-9.14"
"2025FO4","2025-03-27 15:33","2085-04-15 07:55","1.00E-08","-6.34"
"2025FA7","2025-03-26 13:37","2113-09-09 23:02","4.83E-09","-8.95"
"2025DB3","2025-03-25 01:50","2120-03-14 17:23","6.81E-10","-10.59"
"2025BM6","2025-03-25 01:43","2077-01-26 09:02","1.80E-06","-6.84"
"2022RS1","2025-03-25 01:43","2113-09-01 09:45","6.58E-10","-11.01"
"2025DS3","2025-03-18 12:45","2077-07-23 07:22","1.10E-08","-7.85"
"2025EV3","2025-03-13 12:46","2079-03-09 05:29","5.62E-11","-11.13"
"2025DA","2025-03-05 13:31","2123-01-30 08:49","2.32E-11","-9.08"
"2025EW","2025-03-05 13:29","2097-03-03 13:40","4.57E-06","-6.71"
"2023AC2","2025-03-04 08:55","2051-12-31 02:32","1.86E-05","-4.37"
"2022SD29","2025-03-04 08:28","2110-09-16 11:47","8.72E-07","-7.23"
"2024RQ","2025-03-04 08:26","2059-09-14 17:20","1.85E-10","-9.74"
"2025DO1","2025-03-02 13:43","2116-02-07 10:34","1.56E-10","-11.24"
"2023RW3","2025-03-01 15:03","2078-02-25 22:46","1.83E-07","-7.59"
"2025DJ22","2025-03-01 13:41","2102-09-03 18:54","4.80E-11","-11.29"
"2025DE1","2025-02-28 13:46","2078-02-20 09:09","6.76E-10","-9.14"
"2025DE1","2025-02-26 13:31","2067-02-20 15:23","1.53E-05","-4.70"
"2023OS3","2025-02-25 23:12","2118-08-07 18:22","4.83E-06","-7.10"
"2025DU3","2025-02-25 15:17","2113-05-30 05:00","9.07E-11","-8.80"
"2025DD1","2025-02-23 15:03","2116-02-06 04:58","1.45E-10","-7.63"
"2025DO1","2025-02-22 15:14","2116-02-07 11:30","2.01E-06","-7.14"
"2025DG1","2025-02-22 14:36","2058-02-19 20:06","4.19E-06","-6.49"
"2020DM3","2025-02-18 13:28","2109-07-03 04:52","4.22E-10","-10.03"
"2025DA","2025-02-18 13:26","2123-01-30 08:50","7.28E-09","-6.64"
"2024MH1","2025-02-16 12:56","2104-07-23 15:49","2.72E-06","-6.10"
"2024UE4","2025-02-12 13:29","2079-11-13 21:35","4.80E-07","-6.48"
"2024TX13","2025-02-10 13:54","2101-11-04 07:06","5.37E-07","-6.30"
"2025BC10","2025-02-09 13:38","2045-10-11 13:23","3.74E-11","-6.87"
"2022OB5","2025-02-08 15:36","2086-01-08 03:12","2.91E-05","-6.67"
"2025CL2","2025-02-08 13:47","2079-08-25 11:30","2.14E-10","-7.36"
"2024PQ4","2025-02-06 13:47","2097-08-26 21:36","1.45E-05","-4.04"
"2025BB2","2025-02-05 14:11","2117-02-05 20:47","1.22E-08","-8.55"
"2025BY4","2025-02-05 13:50","2115-02-28 14:41","1.36E-07","-6.41"
"2025CH","2025-02-03 14:01","2107-02-01 07:02","4.09E-11","-11.79"
"2016CH30","2025-02-01 17:57","2103-02-16 03:26","1.17E-05","-6.74"
"2025BQ5","2025-01-31 13:29","2061-01-27 04:59","2.62E-11","-10.39"
"2025BT4","2025-01-31 13:21","2107-12-20 17:28","9.97E-08","-9.07"
"2025BN","2025-01-29 13:25","2105-01-20 01:47","1.09E-07","-7.76"
"2025BQ2","2025-01-24 13:40","2074-02-22 01:50","1.93E-06","-5.18"
"2024UK","2025-01-23 13:26","2056-10-17 18:20","3.47E-05","-4.05"
"2025BK","2025-01-20 14:07","2111-01-24 13:40","2.13E-07","-6.48"
"2024YT7","2025-01-20 14:05","2071-11-24 18:01","1.81E-08","-6.47"
"2024YA36","2025-01-20 14:01","2077-01-10 14:22","2.63E-09","-6.09"
"2024YQ8","2025-01-17 12:58","2072-03-02 00:27","8.80E-09","-6.66"
"2025AB","2025-01-07 13:51","2118-01-04 05:27","2.51E-09","-9.83"
"2023MZ5","2025-01-04 17:47","2098-12-30 05:08","2.66E-06","-6.26"
"2025AF","2025-01-03 14:03","2100-02-07 16:58","1.22E-08","-8.13"
"2024YM12","2025-01-03 14:03","2068-12-27 20:53","6.17E-08","-7.29"
"2024YW9","2025-01-02 13:54","2120-03-05 20:48","8.70E-09","-8.97"
"2024YO2","2024-12-29 13:42","2122-12-22 05:38","4.93E-11","-10.75"
"2024YN2","2024-12-29 13:37","2045-04-26 03:28","6.23E-09","-6.20"
"2024YW3","2024-12-28 13:50","2110-01-04 09:50","1.46E-11","-10.90"
"2024YS2","2024-12-26 13:30","2120-01-03 08:40","6.42E-03","-4.11"
"2024YW3","2024-12-26 13:26","2110-01-04 09:41","1.05E-11","-11.08"
"2024YH1","2024-12-25 13:36","2034-04-08 20:58","5.05E-11","-5.18"
"2014HZ478","2024-12-24 16:12","2060-09-27 04:27","1.28E-10","-6.35"
"2024YC","2024-12-24 13:37","2108-06-18 22:07","1.82E-08","-9.19"
"2024XM9","2024-12-23 13:22","2095-11-15 19:28","4.08E-08","-8.88"
"2024YC","2024-12-22 13:44","2112-06-19 08:36","6.66E-08","-8.65"
"2024WD4","2024-12-22 13:25","2107-06-28 23:53","1.15E-07","-5.70"
"2024XG16","2024-12-20 13:06","2060-07-19 15:49","4.66E-08","-5.53"
"2024XK15","2024-12-16 12:35","2031-06-19 03:33","6.16E-09","-4.29"
"2007XB23","2024-12-12 14:53","2100-12-10 20:05","1.93E-08","-9.10"
"2024XH3","2024-12-12 12:58","2096-02-10 09:54","3.24E-08","-8.97"
"2024XC5","2024-12-11 12:47","2095-11-29 17:53","2.01E-11","-10.80"
"2024XS2","2024-12-05 13:55","2119-12-08 15:05","2.16E-09","-11.08"
"2024WR13","2024-12-05 13:40","2054-12-16 05:36","5.50E-11","-8.66"
"2024XV3","2024-12-05 13:39","2119-11-30 16:20","1.58E-06","-7.80"
"2024WH18","2024-12-04 13:42","2048-07-20 09:18","2.76E-10","-7.77"
"2012PB20","2024-12-02 15:16","2099-02-10 10:05","1.70E-07","-7.12"
"2024WM3","2024-12-02 13:56","2107-11-24 16:06","1.64E-08","-8.94"
"2024WA","2024-12-01 13:12","2073-11-15 04:51","8.29E-08","-7.96"
"2024WY13","2024-12-01 13:09","2089-12-01 22:52","3.08E-11","-9.46"
"2024WG4","2024-11-29 13:52","2093-05-31 05:15","5.90E-09","-5.63"
"2024WA","2024-11-26 14:40","2074-11-15 10:16","3.07E-07","-7.39"
"2024WP1","2024-11-26 14:35","2122-11-25 18:31","3.63E-05","-5.95"
"2024WH3","2024-11-26 14:30","2110-02-22 19:56","2.45E-09","-7.36"
"2024WO","2024-11-22 13:24","2043-11-21 12:47","3.50E-11","-11.14"
"2024US11","2024-11-22 13:06","2121-10-13 05:18","1.29E-07","-5.76"
"2024VJ3","2024-11-20 13:33","2101-04-23 21:39","3.73E-09","-9.51"
"2024VH4","2024-11-20 13:21","2098-07-17 20:55","1.70E-09","-7.20"
"2024VE3","2024-11-20 12:45","2069-09-18 07:14","9.07E-08","-4.50"
"2024UN","2024-11-17 12:57","2118-04-19 07:14","4.10E-09","-9.27"
"2024US11","2024-11-13 13:15","2121-10-13 05:21","5.28E-08","-6.17"
"2024UO","2024-11-11 08:58","2086-09-18 18:35","1.44E-10","-10.27"
"2024OC2","2024-11-11 08:48","2120-01-22 06:22","5.07E-10","-7.42"
"2020UL3","2024-11-08 13:41","2122-11-15 03:24","3.20E-05","-3.91"
"2024US7","2024-11-08 13:28","2063-06-24 10:34","7.09E-09","-5.97"
"2024UN5","2024-11-07 13:05","2090-09-13 16:19","8.33E-11","-9.93"
"2024UF9","2024-11-06 13:53","2083-10-30 23:44","2.59E-09","-8.94"
"2024UB7","2024-11-06 13:30","2121-11-01 20:17","2.00E-08","-6.61"
"2024TA","2024-11-05 14:25","2075-09-30 00:48","5.72E-09","-9.89"
"2024UH11","2024-11-05 14:18","2071-11-20 07:43","6.87E-11","-8.71"
"2024TW17","2024-11-05 14:11","2121-11-16 16:49","1.68E-09","-7.15"
"2024US11","2024-11-05 13:26","2050-10-13 10:37","9.35E-08","-5.36"
"2022YE","2024-11-03 17:08","2067-12-19 08:53","2.49E-08","-7.29"
"2024UN5","2024-11-01 14:03","2090-09-13 16:09","1.41E-06","-5.74"
"2024UA10","2024-11-01 13:39","2069-11-12 06:06","1.18E-06","-5.64"
"2023VC7","2024-10-31 21:49","2122-11-24 23:22","7.88E-08","-7.83"
"2024UZ6","2024-10-30 15:14","2102-10-26 04:11","1.60E-09","-12.02"
"2024UX3","2024-10-28 13:13","2079-12-20 02:54","8.75E-07","-6.01"
"2024TW17","2024-10-26 13:23","2112-11-16 11:41","2.80E-07","-4.81"
"2024UC1","2024-10-25 14:25","2099-07-10 15:25","3.04E-09","-8.33"
"2024PF2","2024-10-23 13:30","2113-07-16 10:40","2.13E-06","-6.30"
"2020UL3","2024-10-22 13:37","2122-11-15 03:27","1.93E-05","-4.13"
"2024UD","2024-10-21 14:40","2097-10-12 16:45","2.02E-11","-10.41"
"2024TM2","2024-10-15 12:59","2118-01-05 13:27","2.37E-08","-9.52"
"2024TN1","2024-10-14 12:55","2097-10-29 02:16","6.67E-11","-7.06"
"2024TV8","2024-10-13 12:53","2116-10-10 03:08","3.05E-09","-9.33"
"2024TA7","2024-10-11 14:29","2062-10-13 10:35","2.45E-06","-6.60"
"2024TD6","2024-10-11 08:41","2109-07-18 15:12","4.08E-07","-8.93"
"2024TU1","2024-10-08 14:44","2089-10-19 11:11","4.59E-11","-10.99"
"2024SE3","2024-10-08 14:32","2076-09-25 00:03","5.99E-10","-9.84"
"2024TP3","2024-10-07 13:33","2102-12-13 05:00","6.26E-08","-7.15"
"2024TB2","2024-10-06 14:04","2050-10-01 08:49","1.12E-06","-5.88"
"2024RH2","2024-10-03 15:24","2100-10-15 18:00","3.45E-07","-6.78"
"2024SG8","2024-10-03 14:08","2082-09-30 01:25","5.00E-11","-8.85"
"2024SS4","2024-10-02 13:30","2062-10-03 05:08","1.62E-09","-9.75"
"2024RZ3","2024-10-01 13:47","2094-07-29 04:06","1.20E-07","-8.09"
"2024QP2","2024-10-01 13:34","2046-10-19 11:15","8.57E-06","-2.94"
"2024RF13","2024-10-01 13:31","2121-11-03 04:41","2.93E-06","-4.21"
"2024SW","2024-09-29 14:36","2102-09-21 10:45","3.12E-10","-11.01"
"2020GE","2024-09-28 15:35","2121-02-10 03:10","2.77E-07","-8.53"
"2024RZ3","2024-09-24 12:56","2102-08-20 01:00","7.09E-08","-8.30"
"2023CX2","2024-09-24 12:55","2115-06-11 14:29","5.25E-11","-11.87"
"2024RV4","2024-09-24 12:54","2111-03-20 16:12","2.13E-08","-5.53"
"2024RN43","2024-09-20 12:39","2101-08-31 16:43","5.58E-06","-5.54"
"2024RH2","2024-09-16 15:00","2100-08-14 16:32","4.63E-08","-7.67"
"2024RQ5","2024-09-16 14:22","2097-12-30 10:35","8.92E-09","-9.76"
"2024RR14","2024-09-15 13:25","2070-01-14 21:31","1.45E-07","-5.27"
"2024RL3","2024-09-15 13:08","2048-09-04 11:08","3.65E-10","-11.13"
"2024RK16","2024-09-15 12:50","2120-09-10 12:14","1.81E-08","-5.51"
"2024RZ3","2024-09-14 15:00","2097-07-30 04:48","5.06E-10","-10.37"
"2024RB10","2024-09-14 14:47","2070-09-23 09:42","2.37E-09","-7.47"
"2024RH13","2024-09-13 14:40","2035-09-12 06:00","3.97E-11","-10.25"
"2024RN7","2024-09-13 14:27","2100-09-24 03:13","1.04E-10","-8.27"
"2024RZ5","2024-09-12 13:46","2122-02-02 14:46","1.25E-11","-8.47"
"2024QG3","2024-09-09 13:38","2117-12-23 03:16","3.37E-08","-6.91"
"2024RL3","2024-09-08 13:10","2035-09-05 09:03","3.23E-07","-7.83"
"2023RF1","2024-08-28 14:18","2121-03-06 15:22","1.30E-09","-9.65"
"2024MV","2024-08-28 13:56","2069-06-24 13:58","1.76E-04","-4.66"
"2017TU1","2024-08-22 16:18","2104-08-05 07:12","5.69E-10","-10.03"
"2024PN3","2024-08-15 12:50","2091-12-01 01:54","5.63E-10","-6.78"
"2022YL","2024-08-10 14:49","2115-06-21 09:56","2.26E-07","-7.76"
"2024ON","2024-08-04 12:55","2087-09-15 11:49","2.12E-11","-8.54"
"2024OT1","2024-08-03 12:59","2120-08-02 07:17","2.54E-10","-10.46"
"2024OT1","2024-08-01 13:02","2120-08-02 07:05","1.09E-10","-10.82"
"2023HB7","2024-07-20 14:47","2100-03-27 17:34","4.14E-09","-8.84"
"2024NN1","2024-07-12 12:51","2091-10-07 04:28","1.77E-11","-9.60"
"2024NA1","2024-07-11 13:02","2093-07-05 05:43","2.35E-07","-3.63"
"2024NF","2024-07-11 12:52","2106-07-27 02:45","1.73E-09","-7.96"
"2024NP1","2024-07-10 12:54","2110-03-01 14:24","3.89E-10","-8.11"
"2024MV1","2024-07-10 12:40","2114-08-15 18:19","3.10E-10","-7.65"
"2024NF","2024-07-09 13:37","2092-07-22 18:27","9.32E-10","-8.16"
"2024MB1","2024-07-02 13:55","2115-06-12 15:08","9.99E-07","-7.56"
"2023JW34","2024-07-02 07:29","2055-05-06 05:57","2.17E-04","-6.98"
"2002MN","2024-07-02 03:13","2122-06-17 09:58","4.66E-06","-4.86"
"2024MS","2024-06-28 13:22","2110-06-17 08:57","6.61E-05","-6.43"
"2023OE5","2024-06-25 12:56","2121-08-05 01:11","1.47E-07","-7.94"
"2024MK","2024-06-24 12:45","2116-06-29 20:14","1.07E-09","-7.72"
"2024MK","2024-06-22 12:49","2116-06-29 20:09","8.32E-06","-3.79"
"2024LZ4","2024-06-21 13:07","2052-06-16 04:54","1.24E-07","-6.81"
"2024LZ4","2024-06-16 13:31","2052-06-16 04:54","2.83E-08","-7.42"
"2024LG4","2024-06-16 07:12","2063-05-27 01:07","4.86E-11","-7.21"
"2024LZ2","2024-06-12 13:01","2063-06-13 03:37","4.04E-09","-8.39"
"2024KH3","2024-06-09 12:49","2081-08-09 19:35","5.49E-09","-6.65"
"2024LA","2024-06-08 13:03","2078-06-04 21:01","1.10E-10","-10.08"
"2023YO1","2024-06-07 13:01","2115-01-08 00:42","2.70E-05","-5.44"
"2024KG","2024-06-03 13:16","2122-05-16 09:59","1.43E-11","-9.67"
"2018VC","2024-05-31 14:45","2112-10-28 22:29","4.67E-06","-6.42"
"2015AW161","2024-05-30 13:53","2053-08-13 01:32","1.34E-08","-3.47"
"2023OE5","2024-05-30 13:21","2120-08-05 03:10","2.20E-07","-7.76"
"2024KG","2024-05-30 08:20","2119-05-16 05:37","2.57E-10","-8.42"
"2024KB","2024-05-26 12:49","2104-11-17 04:55","3.49E-08","-6.13"
"2024HU","2024-05-22 13:04","2082-04-13 13:20","1.43E-08","-6.97"
"2024JX12","2024-05-17 12:39","2056-06-25 18:40","4.40E-08","-5.90"
"2024GY3","2024-05-13 13:24","2106-04-03 11:32","1.01E-07","-6.10"
"2024GF2","2024-05-11 12:54","2087-03-01 13:06","1.73E-07","-5.08"
"2024JT3","2024-05-10 19:45","2053-05-09 09:04","6.06E-11","-12.00"
"2024JV6","2024-05-10 19:31","2105-05-28 13:12","6.99E-10","-10.88"
"2024JD7","2024-05-10 19:13","2108-05-02 18:00","6.89E-05","-3.96"
"2024HM2","2024-05-07 13:41","2117-12-11 14:13","2.82E-08","-6.93"
"2024JO1","2024-05-06 13:03","2102-05-03 21:52","9.83E-11","-11.58"
"2024JX1","2024-05-06 12:47","2098-10-17 16:52","1.05E-08","-8.40"
"2024HL2","2024-05-05 13:25","2097-05-12 09:30","1.33E-08","-8.24"
"2024HO2","2024-05-03 14:56","2108-04-28 22:59","3.99E-08","-9.79"
"2024JD","2024-05-03 13:03","2116-05-07 01:39","2.66E-06","-7.22"
"2005WN3","2024-05-02 08:54","2024-04-15 09:46","5.11E-09","-8.20"
"2022AA5","2024-05-01 15:30","2099-02-14 13:06","5.68E-09","-7.81"
"2024HW1","2024-05-01 13:13","2049-05-07 13:46","3.31E-06","-5.79"
"2024HO","2024-04-20 12:42","2065-04-18 03:03","3.42E-11","-12.15"
"2024HU","2024-04-20 12:41","2082-04-13 13:22","1.37E-08","-6.92"
"2024HB","2024-04-18 14:12","2114-04-15 23:49","1.15E-09","-10.46"
"2024GM5","2024-04-18 13:49","2116-08-11 18:48","7.54E-09","-9.83"
"2023YB2","2024-04-18 13:07","2123-02-10 09:51","6.99E-09","-7.80"
"2024GX3","2024-04-13 13:36","2119-04-11 18:39","3.67E-08","-9.92"
"2024GJ2","2024-04-11 13:59","2116-11-12 03:07","1.05E-07","-9.70"
"2024GF2","2024-04-11 12:54","2079-03-02 08:01","8.81E-09","-5.86"
"2024GD","2024-04-09 13:00","2102-03-27 02:18","7.21E-08","-7.23"
"2024FL4","2024-04-04 12:41","2115-03-25 11:02","6.23E-08","-5.66"
"2023XJ2","2024-03-30 14:47","2067-12-02 16:53","1.02E-06","-5.71"
"2024FX","2024-03-30 13:41","2110-06-21 18:33","2.43E-07","-4.53"
"2024FK2","2024-03-29 18:08","2076-05-05 14:12","9.28E-09","-6.16"
"2024FK","2024-03-28 12:51","2089-09-05 07:21","5.09E-09","-8.33"
"2024EW3","2024-03-18 13:25","2096-06-02 12:04","9.27E-09","-9.96"
"2023XN13","2024-03-17 12:57","2116-06-03 18:02","8.74E-08","-8.97"
"2023XC14","2024-03-16 12:54","2066-12-31 17:00","1.31E-05","-4.19"
"2024ER2","2024-03-15 13:06","2077-09-29 10:31","1.57E-10","-7.12"
"2024EK3","2024-03-14 13:39","2118-03-16 23:08","3.54E-07","-8.59"
"2024EH","2024-03-12 12:51","2101-03-08 17:35","2.64E-07","-7.80"
"2024EP","2024-03-12 12:41","2094-03-25 15:39","1.10E-07","-6.82"
"2024EV","2024-03-11 13:14","2094-02-16 23:05","2.39E-09","-9.42"
"2024EN2","2024-03-11 13:05","2081-03-04 09:37","3.54E-08","-8.00"
"2023XJ10","2024-03-09 16:56","2064-12-15 06:48","2.77E-10","-9.49"
"2023VD5","2024-03-09 16:52","2086-11-05 17:16","1.75E-09","-8.52"
"2023SU4","2024-03-09 16:22","2101-09-16 17:31","4.40E-08","-8.63"
"2024EX1","2024-03-09 15:37","2116-03-01 02:09","2.41E-08","-8.07"
"2024EC","2024-03-09 15:25","2105-03-07 11:33","3.18E-09","-8.07"
"2024EQ1","2024-03-08 13:40","2046-09-08 18:57","6.96E-10","-8.66"
"2024CZ6","2024-03-02 13:02","2116-11-22 11:33","3.82E-11","-10.93"
"2024AL3","2024-03-01 13:00","2099-01-03 22:53","1.10E-08","-7.42"
"2024CR9","2024-03-01 12:48","2101-06-14 22:46","6.91E-09","-5.95"
"2024BF","2024-02-28 12:56","2110-04-30 05:30","5.47E-11","-10.32"
"2024CA3","2024-02-28 12:52","2068-08-12 14:38","1.13E-10","-8.81"
"2024DA","2024-02-20 15:13","2053-02-09 03:43","9.65E-09","-8.86"
"2017PY26","2024-02-15 16:35","2111-08-19 03:33","2.57E-07","-5.35"
"2024AB3","2024-02-13 14:54","2118-06-24 23:43","1.33E-11","-11.50"
"2024BD4","2024-02-13 14:47","2103-10-23 12:41","4.64E-11","-11.42"
"2022OT1","2024-02-09 15:14","2120-02-05 10:25","4.68E-06","-5.86"
"2018MC5","2024-02-04 16:14","2119-07-02 18:21","2.27E-08","-8.30"
"2024BD4","2024-02-04 16:01","2104-10-29 22:11","1.19E-09","-10.00"
"2004XG29","2024-02-04 15:38","2114-12-08 11:02","1.36E-07","-7.49"
"2009SU104","2024-02-04 15:37","2109-01-28 19:47","4.12E-08","-7.85"
"2016BQ15","2024-02-02 14:22","2072-02-07 09:07","3.19E-09","-8.28"
"2017UQ7","2024-02-02 13:44","2121-10-24 04:16","5.51E-08","-7.57"
"2018AL12","2024-02-01 15:04","2119-08-07 11:20","3.66E-08","-7.47"
"2023XJ2","2024-01-31 16:15","2107-12-02 03:09","1.05E-07","-6.98"
"2021VH","2024-01-31 14:28","2120-04-02 09:18","4.03E-08","-10.13"
"2011DV10","2024-01-31 13:15","2093-02-18 04:50","1.17E-06","-5.87"
"2024AN6","2024-01-30 15:11","2093-08-09 03:03","2.88E-11","-7.65"
"2021TO6","2024-01-30 15:01","2100-07-24 07:55","7.05E-08","-7.15"
"2015RO82","2024-01-29 14:59","2112-05-26 11:19","1.05E-08","-7.65"
"2021EC4","2024-01-29 13:15","2121-03-23 00:06","2.43E-06","-5.37"
"2024AB5","2024-01-24 13:26","2072-06-29 17:27","5.74E-09","-4.35"
"2023CH3","2024-01-22 13:53","2120-03-18 22:00","7.14E-10","-8.93"
"2024AN2","2024-01-19 14:06","2121-02-04 16:33","2.25E-11","-9.27"
"2023XY10","2024-01-17 13:54","2091-12-14 16:43","1.98E-09","-6.64"
"2024AS3","2024-01-17 13:26","2122-01-07 04:58","5.21E-08","-5.63"
"2023VH6","2024-01-16 14:02","2112-11-28 22:36","2.35E-03","-3.24"
"2024AJ1","2024-01-16 13:45","2118-11-24 22:15","4.02E-06","-4.33"
"2024AA4","2024-01-14 13:56","2035-12-15 07:13","2.82E-11","-7.72"
"2024AV2","2024-01-13 14:13","2123-01-02 11:49","9.37E-10","-10.07"
"2023XM14","2024-01-13 13:06","2105-10-30 20:21","7.76E-08","-6.57"
"2023XY10","2024-01-10 16:37","2091-12-14 16:54","3.74E-09","-6.37"
"2023XN10","2024-01-10 16:29","2046-01-02 10:02","3.14E-09","-7.54"
"2023XW14","2024-01-10 15:16","2122-01-20 20:32","2.32E-11","-8.75"
"2024AF2","2024-01-10 15:00","2109-11-27 17:14","4.60E-10","-6.67"
"2024AT","2024-01-09 13:38","2115-06-03 21:31","4.07E-10","-7.99"
"2024AS1","2024-01-09 13:36","2114-01-10 12:31","1.50E-11","-11.93"
"2024AG","2024-01-04 14:18","2074-06-27 11:04","2.49E-11","-10.85"
"2023XN13","2023-12-31 13:55","2121-06-04 06:50","3.27E-10","-11.50"
"2023XW14","2023-12-31 13:36","2122-01-20 20:37","1.28E-07","-5.00"
"2023XA10","2023-12-29 13:39","2079-12-09 06:26","1.17E-09","-8.11"
"2023YL","2023-12-28 13:32","2119-07-07 09:05","1.38E-11","-8.87"
"2023XK13","2023-12-26 12:47","2121-12-11 07:51","1.23E-08","-7.04"
"2023XP13","2023-12-23 14:36","2036-05-31 05:29","3.87E-09","-7.71"
"2023XE18","2023-12-21 14:58","2105-06-25 08:56","2.12E-10","-7.76"
"2023XA8","2023-12-21 12:43","2104-02-03 14:27","6.41E-07","-5.34"
"2021UP","2023-12-20 15:29","2113-10-18 15:05","1.03E-05","-5.64"
"2023XJ2","2023-12-20 15:20","2085-12-02 10:17","1.86E-07","-6.57"
"2023YP","2023-12-20 13:23","2114-02-11 16:19","6.50E-08","-8.87"
"2023XT","2023-12-19 14:16","2120-02-05 01:45","6.68E-07","-8.27"
"2023VK2","2023-12-19 13:55","2090-04-30 16:59","9.82E-10","-8.56"
"2023XL14","2023-12-17 14:54","2047-01-16 06:44","9.94E-07","-7.14"
"2023XA10","2023-12-16 13:28","2079-12-09 06:27","2.02E-06","-4.88"
"2023XN10","2023-12-15 13:33","2046-01-02 11:27","8.75E-09","-7.03"
"2023XX7","2023-12-12 14:44","2082-01-05 09:42","1.59E-11","-10.36"
"2019YV1","2023-12-11 16:53","2119-06-20 08:19","5.46E-07","-6.85"
"2023XZ4","2023-12-11 14:14","2089-06-20 04:14","1.95E-10","-9.04"
"2023VO5","2023-12-11 13:51","2095-04-08 13:19","1.62E-08","-6.06"
"2020XV6","2023-12-10 13:24","2099-12-11 19:06","3.80E-09","-6.93"
"2023XS","2023-12-08 14:51","2088-12-13 15:00","4.55E-10","-9.66"
"2023TL4","2023-12-07 14:20","2119-10-10 20:24","8.93E-06","-2.33"
"2018VO6","2023-12-05 15:08","2118-05-08 06:39","2.03E-09","-8.54"
"2023VR2","2023-12-04 13:46","2112-10-29 09:20","5.79E-06","-5.63"
"2023WK","2023-12-03 12:57","2120-11-09 16:02","2.54E-10","-9.47"
"2023WZ2","2023-11-29 12:56","2074-11-29 14:52","7.39E-07","-3.60"
"2023WK","2023-11-21 13:28","2120-11-09 16:01","1.62E-09","-8.64"
"2023VN9","2023-11-20 12:57","2081-06-25 16:33","8.74E-09","-6.12"
"2023VN","2023-11-15 14:53","2087-10-13 15:03","2.09E-09","-8.82"
"2023UV4","2023-11-15 14:27","2116-10-20 21:24","2.24E-08","-8.49"
"2023VM6","2023-11-15 13:37","2080-05-30 07:16","2.77E-09","-5.43"
"2023VM5","2023-11-14 15:48","2092-12-20 22:51","1.23E-10","-9.88"
"2023VL5","2023-11-14 14:25","2050-01-27 06:08","4.77E-08","-6.32"
"2023VS3","2023-11-14 13:35","2099-10-07 01:18","1.16E-08","-5.99"
"2023VR2","2023-11-13 13:34","2112-10-29 09:02","4.26E-06","-5.75"
"2023VR5","2023-11-12 15:52","2048-04-23 21:25","7.92E-07","-7.31"
"2023VV3","2023-11-12 13:52","2056-12-07 06:44","3.60E-07","-4.84"
"2023VR","2023-11-10 14:32","2121-11-10 02:05","3.28E-07","-8.01"
"2023VC","2023-11-10 13:54","2076-11-27 19:09","1.13E-06","-6.24"
"2023VD3","2023-11-09 15:20","2034-11-08 17:09","3.28E-03","-2.58"
"2022TP","2023-11-09 14:43","2075-09-30 19:31","6.99E-11","-10.88"
"2023VU2","2023-11-09 14:37","2114-12-06 12:32","1.72E-08","-9.74"
"2023VB","2023-11-09 14:06","2053-10-18 22:51","2.66E-08","-7.28"
"2023VD2","2023-11-07 16:31","2043-11-07 17:18","5.22E-07","-8.40"
"2023TK15","2023-11-07 16:07","2052-10-19 15:17","4.42E-06","-5.16"
"2023VW","2023-11-05 13:39","2087-11-08 13:45","5.25E-08","-8.85"
"2004VZ14","2023-11-04 03:56","2076-11-01 21:39","4.75E-07","-6.39"
"2023TV15","2023-11-03 12:55","2109-08-29 11:38","1.74E-05","-4.20"
"2023VA","2023-11-02 14:09","2060-11-01 19:30","5.03E-07","-7.78"
"2023SO11","2023-11-02 14:07","2116-04-10 17:23","9.91E-06","-6.26"
"2023TB7","2023-11-02 13:55","2100-04-19 21:52","1.41E-10","-10.45"
"2022UE3","2023-10-31 15:30","2093-10-13 23:51","1.07E-04","-3.97"
"2023UH10","2023-10-31 13:29","2032-04-26 07:52","2.48E-07","-4.52"
"2023TV15","2023-10-23 13:12","2110-08-29 16:18","1.27E-07","-6.31"
"2023UO3","2023-10-22 16:31","2105-10-26 08:10","4.93E-11","-10.94"
"2023QP8","2023-10-22 13:34","2114-11-23 05:15","3.48E-07","-5.12"
"2023UL","2023-10-21 14:24","2115-10-10 11:40","9.83E-09","-9.71"
"2023TO17","2023-10-19 15:28","2090-10-14 03:50","3.48E-07","-8.62"
"2023TH","2023-10-18 14:36","2108-10-05 06:18","1.08E-07","-8.13"
"2023TS16","2023-10-18 14:35","2121-10-12 22:05","1.09E-08","-8.67"
"2023TQ3","2023-10-16 13:43","2101-10-15 12:43","1.84E-06","-6.16"
"2023TV3","2023-10-13 17:26","2039-10-12 10:15","2.37E-08","-8.31"
"2023TO4","2023-10-11 15:44","2042-10-14 12:46","1.21E-08","-8.59"
"2023TV3","2023-10-10 16:20","2041-10-11 23:54","1.16E-09","-9.68"
"2023TF3","2023-10-09 15:18","2111-03-19 04:53","5.78E-08","-7.48"
"2019CZ2","2023-10-08 15:51","2044-01-29 21:19","6.29E-08","-6.83"
"2023TH","2023-10-07 13:24","2108-10-05 06:58","7.53E-08","-8.33"
"2023RZ2","2023-10-06 14:20","2088-09-01 15:11","3.14E-09","-9.68"
"2017UC52","2023-09-28 13:43","2112-11-26 08:24","3.72E-09","-8.23"
"2023RW15","2023-09-25 13:57","2107-08-21 03:43","8.09E-11","-9.07"
"2023SN1","2023-09-20 14:00","2113-09-21 10:49","6.85E-09","-10.27"
"2022PC","2023-09-17 14:22","2121-08-05 23:55","1.14E-08","-7.85"
"2017FO128","2023-09-16 15:38","2121-03-15 22:20","1.21E-06","-4.90"
"2023NT1","2023-09-16 14:08","2044-07-12 15:32","5.01E-06","-4.91"
"2023RF11","2023-09-16 14:01","2116-09-10 11:10","5.94E-06","-6.62"
"2023QF5","2023-09-16 13:51","2032-03-10 11:54","9.41E-10","-4.88"
"2023RB4","2023-09-16 13:49","2067-10-22 00:57","3.44E-08","-6.13"
"2023QQ6","2023-09-12 13:36","2076-09-17 05:17","1.05E-10","-8.94"
"2023PN","2023-09-07 13:08","2109-07-29 17:50","7.91E-07","-6.43"
"2023MR1","2023-09-07 13:04","2100-06-23 18:21","1.76E-05","-4.30"
"2023QF4","2023-09-05 12:50","2067-08-17 22:40","5.76E-07","-5.33"
"2023QK1","2023-08-25 13:20","2120-09-08 21:02","7.83E-09","-6.34"
"2023QH","2023-08-24 13:27","2054-08-29 07:59","7.43E-07","-5.16"
"2023PN","2023-08-18 13:00","2109-07-29 05:05","3.18E-07","-6.83"
"2023PC1","2023-08-15 13:30","2083-08-19 10:06","4.45E-09","-6.45"
"2023PN","2023-08-14 13:35","2120-07-29 04:26","2.74E-09","-8.98"
"2023PN","2023-08-12 12:55","2121-07-30 01:09","1.34E-08","-8.29"
"2023PH","2023-08-12 12:52","2088-07-10 15:00","4.71E-09","-6.72"
"2023NO","2023-07-30 13:26","2111-07-07 20:26","3.42E-09","-10.51"
"2023NQ1","2023-07-25 07:03","2120-07-09 17:42","2.49E-07","-5.70"
"2023OQ","2023-07-20 12:55","2114-08-09 07:21","1.04E-11","-9.32"
"2023NQ1","2023-07-20 12:42","2120-07-09 17:49","3.96E-09","-7.53"
"2023EA2","2023-07-19 13:09","2111-03-30 00:15","2.31E-06","-4.83"
"2023LE","2023-07-11 12:52","2119-02-15 12:56","3.78E-07","-9.30"
"2023HM4","2023-07-10 13:29","2118-05-07 13:30","2.35E-03","-4.42"
"2010EN44","2023-07-09 16:06","2068-04-11 02:44","2.78E-10","-7.63"
"2023LA1","2023-07-04 12:53","2112-06-06 14:38","1.36E-09","-11.14"
"2023KT2","2023-06-30 13:26","2113-05-13 21:30","1.22E-06","-7.85"
"2023MU2","2023-06-25 13:25","2097-06-25 06:49","8.04E-09","-10.47"
"2023MX2","2023-06-25 13:18","2118-06-28 17:43","5.39E-04","-5.28"
"2023MM","2023-06-23 13:20","2097-12-31 02:05","1.01E-08","-7.14"
"2023MN","2023-06-20 13:16","2122-08-21 20:29","1.89E-08","-7.22"
"2023LY","2023-06-18 13:34","2074-05-27 13:49","1.23E-09","-8.02"
"2023HX2","2023-06-17 14:00","2106-04-07 12:31","8.60E-10","-9.49"
"2023HT4","2023-06-17 13:18","2101-05-02 05:15","3.17E-08","-6.89"
"2022KA2","2023-06-15 13:36","2114-05-20 20:09","1.49E-09","-10.64"
"2022OR","2023-06-13 14:45","2107-08-14 13:28","3.41E-10","-8.25"
"2023LE","2023-06-12 12:56","2119-02-15 12:56","1.12E-05","-7.80"
"2023LA","2023-06-09 12:52","2099-06-11 13:25","2.67E-10","-9.85"
"2023LA","2023-06-07 12:48","2078-06-11 05:55","9.68E-11","-10.13"
"2023JJ","2023-06-04 12:50","2111-05-08 20:14","1.01E-06","-7.28"
"2023KJ4","2023-05-30 13:49","2118-05-21 22:07","2.49E-08","-8.86"
"2023JC4","2023-05-29 14:01","2118-03-23 20:00","3.56E-10","-10.08"
"2023KX3","2023-05-29 13:31","2113-05-26 12:46","3.01E-08","-8.37"
"2019TK5","2023-05-27 15:02","2061-09-24 14:27","7.78E-06","-6.34"
"2020UQ3","2023-05-27 14:37","2112-07-26 16:17","5.88E-09","-8.05"
"2023HF2","2023-05-26 14:34","2073-04-15 23:34","7.18E-08","-6.90"
"2022WO7","2023-05-26 13:50","2107-05-30 18:45","2.59E-06","-5.65"
"2023KR","2023-05-25 12:40","2118-11-02 16:40","2.46E-10","-8.73"
"2023BZ","2023-05-24 11:14","2026-12-28 09:44","9.47E-10","-8.81"
"2023JD6","2023-05-23 14:14","2117-01-24 09:43","4.63E-08","-5.70"
"2023JZ4","2023-05-23 13:55","2110-06-02 02:59","1.07E-10","-10.20"
"2023KN","2023-05-22 14:36","2040-05-21 11:47","6.20E-08","-7.43"
"2023JJ","2023-05-22 14:34","2111-05-08 21:01","1.27E-06","-7.19"
"2023JK3","2023-05-19 13:42","2114-05-18 15:27","2.22E-06","-6.33"
"2023JK","2023-05-14 12:55","2088-05-17 04:13","3.82E-07","-6.45"
"2023HB7","2023-05-09 12:58","2114-04-12 03:18","2.73E-10","-10.11"
"2023HT4","2023-05-09 12:50","2101-05-02 05:25","6.73E-08","-6.56"
"2009FZ4","2023-05-09 11:12","2026-09-20 07:12","1.38E-07","-6.00"
"2023FY3","2023-05-06 12:48","2121-05-05 07:40","1.41E-09","-11.31"
"2018NL","2023-05-03 14:30","2060-06-29 00:28","9.95E-06","-5.20"
"2023HB7","2023-05-02 14:33","2115-04-08 21:34","4.62E-09","-8.86"
"2019GK21","2023-05-01 09:43","2099-04-08 22:14","1.28E-06","-6.47"
"2023GY2","2023-04-28 13:56","2110-05-15 02:00","4.93E-08","-6.45"
"2023HX4","2023-04-28 13:56","2033-08-27 05:05","5.16E-11","-6.98"
"2017DA120","2023-04-25 18:54","2029-09-14 00:58","2.53E-10","-6.75"
"2023HL1","2023-04-24 15:13","2118-05-12 15:08","1.21E-07","-7.42"
"2023HK3","2023-04-23 19:35","2116-07-29 09:21","7.81E-08","-8.97"
"2023GQ2","2023-04-20 14:32","2028-11-16 00:14","5.14E-05","-0.58"
"2023HK","2023-04-20 14:32","2065-04-18 17:08","1.79E-08","-8.49"
"2023FR14","2023-04-18 15:27","2064-09-02 10:16","2.79E-11","-8.19"
"2006HX57","2023-04-18 07:35","2065-05-09 12:19","3.06E-06","-5.58"
"2023EN","2023-04-17 15:22","2070-03-09 02:11","3.39E-11","-11.90"
"2023HA","2023-04-17 15:21","2120-04-15 05:03","2.00E-08","-9.29"
"2023GT1","2023-04-17 06:35","2117-04-08 13:30","1.97E-07","-8.76"
"2023FN13","2023-04-12 14:34","2109-10-05 14:19","1.25E-09","-10.47"
"2023FT3","2023-04-10 18:11","2104-02-15 03:45","4.78E-10","-10.08"
"2023EN2","2023-04-07 12:16","2118-09-29 23:32","8.18E-09","-7.46"
"2023FY3","2023-04-03 08:04","2104-06-10 04:46","1.09E-08","-10.33"
"2023EF3","2023-04-03 08:01","2112-08-25 22:03","5.16E-08","-5.15"
"2023ES","2023-04-03 08:01","2120-03-11 03:18","1.01E-07","-8.02"
"2023FT3","2023-04-02 07:09","2104-02-15 03:38","2.42E-09","-9.41"
"2023FS11","2023-03-30 15:11","2121-04-08 15:23","1.09E-07","-7.61"
"2023FE7","2023-03-30 14:28","2103-07-17 01:43","5.27E-10","-9.10"
"2023ES","2023-03-29 07:35","2083-03-11 00:04","1.44E-06","-6.69"
"2023FW3","2023-03-28 15:30","2034-09-28 12:41","6.04E-07","-4.85"
"2023FS3","2023-03-27 15:21","2121-04-12 22:04","7.85E-11","-7.84"
"2022UE2","2023-03-27 15:20","2119-04-18 11:18","8.89E-06","-5.12"
"2023FY3","2023-03-27 07:43","2065-04-22 20:30","5.20E-10","-11.47"
"2023EH2","2023-03-23 15:28","2061-03-02 06:25","1.94E-08","-6.94"
"2023EN2","2023-03-23 08:26","2112-09-29 10:03","1.14E-08","-7.29"
"2023ER1","2023-03-21 15:15","2115-03-11 21:28","1.76E-07","-8.16"
"2023DZ2","2023-03-20 16:16","2026-03-27 14:56","2.21E-06","-4.22"
"2023DW","2023-03-20 14:59","2049-02-14 15:16","8.43E-09","-7.49"
"2023ES","2023-03-15 15:30","2083-03-11 00:06","6.51E-06","-6.03"
"2023DT1","2023-03-12 19:29","2106-03-03 21:01","8.93E-09","-6.19"
"2023CE4","2023-03-07 14:53","2086-03-27 17:18","4.62E-11","-9.04"
"2023CX2","2023-02-25 18:05","2108-06-10 05:01","1.63E-07","-8.51"
"2023CM","2023-02-25 18:04","2059-07-02 23:21","1.15E-09","-7.09"
"2020DG4","2023-02-24 16:08","2097-02-18 08:52","4.22E-09","-10.23"
"2023CG2","2023-02-17 17:27","2067-02-16 23:03","7.68E-08","-7.80"
"2023CY","2023-02-17 07:52","2085-02-09 17:18","1.05E-10","-10.75"
"2023CH1","2023-02-14 14:56","2119-03-15 19:03","7.91E-10","-10.40"
"2017FW128","2023-02-14 07:47","2072-04-10 13:15","1.44E-09","-10.15"
"2018EB4","2023-02-13 15:29","2099-03-16 19:32","7.34E-07","-6.48"
"2015GB1","2023-02-13 15:28","2090-04-17 03:13","1.10E-08","-8.98"
"2023AJ1","2023-02-08 13:34","2096-01-10 13:03","3.20E-07","-3.84"
"2023BC8","2023-02-07 14:16","2083-02-15 11:27","2.38E-08","-7.29"
"2023BU2","2023-02-04 07:52","2122-01-13 08:20","2.11E-09","-6.77"
"2023BQ2","2023-02-02 08:11","2057-01-30 14:58","1.08E-08","-8.51"
"2023BU","2023-01-28 08:42","2077-01-20 20:37","2.23E-04","-6.04"
"2023BA3","2023-01-27 14:09","2048-02-01 05:35","8.98E-11","-10.55"
"2023AE2","2023-01-25 15:12","2091-01-14 13:05","5.14E-10","-9.34"
"2022YK6","2023-01-21 18:29","2114-06-25 18:17","4.27E-11","-10.39"
"2023AB1","2023-01-18 13:28","2082-01-21 14:05","2.43E-10","-7.35"
"2022YR6","2023-01-13 17:34","2046-05-22 19:00","1.35E-08","-6.06"
"2022QT5","2023-01-11 15:04","2112-02-17 12:48","1.85E-08","-8.43"
"2022YH3","2023-01-07 17:02","2107-05-31 11:38","1.04E-07","-6.06"
"2019WG2","2023-01-07 17:02","2119-11-24 14:28","1.36E-05","-5.05"
"2022WV9","2023-01-03 09:22","2109-01-14 03:40","1.86E-09","-8.83"
"2022YY","2022-12-28 10:24","2080-11-27 01:23","1.52E-08","-8.23"
"2022YH3","2022-12-26 07:35","2107-05-31 11:29","5.07E-08","-6.32"
"2022XG2","2022-12-24 09:55","2049-07-06 23:32","1.65E-10","-8.19"
"2022YX1","2022-12-24 09:54","2107-06-23 19:36","1.37E-08","-9.88"
"2018DN4","2022-12-23 14:00","2023-02-22 11:54","3.63E-07","-6.02"
"2022SD9","2022-12-23 06:40","2111-09-26 06:35","5.13E-04","-5.14"
"2022XE1","2022-12-16 07:43","2112-12-10 16:04","7.26E-11","-7.83"
"2022UX21","2022-12-11 18:02","2112-10-01 00:21","1.87E-08","-5.95"
"2022UU","2022-12-06 15:41","2048-10-13 13:18","2.97E-11","-10.77"
"2010VQ","2022-12-04 14:53","2120-10-08 09:33","9.59E-06","-6.82"
"2022VT2","2022-12-02 09:26","2116-11-30 22:51","6.90E-07","-7.16"
"2022WF3","2022-12-02 08:59","2043-04-30 03:24","9.94E-09","-6.57"
"2022EK4","2022-12-01 14:13","2081-03-15 10:41","1.50E-04","-4.70"
"2022WM3","2022-11-29 09:13","2114-11-19 23:35","1.13E-09","-11.02"
"2022WJ2","2022-11-29 09:12","2112-12-23 18:15","1.06E-05","-5.01"
"2022UE28","2022-11-28 08:27","2064-04-02 12:40","1.63E-06","-3.92"
"2022WM3","2022-11-23 09:21","2110-11-19 13:41","4.05E-08","-9.41"
"2022WV2","2022-11-23 09:20","2042-11-01 17:03","2.31E-09","-8.10"
"2022VT2","2022-11-21 09:35","2106-11-29 19:08","9.97E-07","-6.88"
"2022UN12","2022-11-21 09:34","2108-10-18 16:59","1.33E-09","-9.16"
"2022UR40","2022-11-20 08:47","2104-08-05 22:42","6.67E-08","-7.16"
"2022VB2","2022-11-19 10:16","2096-11-14 21:31","1.44E-07","-7.12"
"2022SU2","2022-11-14 08:00","2085-04-19 18:02","3.31E-07","-6.23"
"2022QU60","2022-11-08 15:28","2103-04-21 15:29","6.67E-10","-5.95"
"2022UA21","2022-11-06 10:07","2102-10-27 01:45","4.46E-07","-8.77"
"2022UN12","2022-11-06 10:05","2108-10-18 16:59","6.98E-07","-6.43"
"2022UT24","2022-11-06 10:02","2095-03-20 00:50","3.06E-08","-6.94"
"2022UK5","2022-11-06 10:01","2108-12-22 01:08","2.00E-11","-10.98"
"2022UA21","2022-11-03 08:39","2113-10-26 15:52","3.27E-08","-9.96"
"2022UA6","2022-11-02 08:07","2096-10-20 10:30","2.53E-11","-12.23"
"2022UM7","2022-10-30 08:20","2060-10-25 02:20","1.24E-10","-10.95"
"2022QC7","2022-10-28 07:46","2113-09-30 15:48","6.22E-11","-11.05"
"2022US6","2022-10-27 07:03","2050-11-06 05:42","4.01E-11","-10.96"
"2022UA5","2022-10-26 07:23","2101-06-24 23:15","5.34E-07","-8.98"
"2022TR5","2022-10-26 07:22","2117-10-14 02:35","4.84E-09","-8.51"
"2022UY5","2022-10-24 14:51","2119-10-26 19:24","2.53E-05","-6.06"
"2022UT2","2022-10-23 16:53","2079-09-01 08:04","3.25E-10","-7.37"
"2022UC1","2022-10-23 16:53","2100-10-28 11:57","6.83E-08","-8.17"
"2022UC5","2022-10-23 13:19","2118-12-01 10:29","6.30E-11","-10.14"
"2022UE3","2022-10-22 10:39","2073-10-14 02:11","1.77E-11","-10.59"
"2022UH2","2022-10-22 10:26","2049-04-09 11:51","2.49E-10","-10.53"
"2022UU","2022-10-21 07:40","2048-10-13 13:15","4.64E-08","-7.55"
"2022UN","2022-10-21 07:39","2115-10-16 01:56","9.61E-10","-7.40"
"2022SE6","2022-10-20 09:42","2106-09-22 01:35","2.92E-07","-7.36"
"2022RT","2022-10-13 15:13","2120-08-31 17:02","6.65E-08","-7.15"
"2022SB4","2022-10-12 14:30","2098-09-16 20:51","8.35E-11","-10.04"
"2022QO4","2022-10-02 16:31","2112-08-14 09:24","1.64E-08","-8.03"
"2022SE6","2022-10-02 16:30","2106-09-22 01:34","8.55E-07","-6.90"
"2022SJ4","2022-10-02 16:29","2120-04-27 05:12","2.24E-07","-5.67"
"2022SX11","2022-10-01 16:41","2093-09-25 01:07","6.54E-06","-5.76"
"2022SF11","2022-09-29 15:11","2065-02-27 22:27","1.58E-06","-4.19"
"2022PC","2022-09-27 11:55","2110-08-02 12:28","3.52E-09","-8.31"
"2022SS4","2022-09-26 13:45","2038-05-26 17:58","2.35E-07","-5.06"
"2022SB2","2022-09-26 06:49","2094-06-11 12:29","6.68E-08","-6.70"
"2022RM4","2022-09-26 06:48","2100-10-31 22:00","8.04E-09","-5.24"
"2022RP6","2022-09-23 10:55","2070-02-08 06:23","7.89E-11","-6.73"
"2010RF12","2022-09-22 13:59","2095-09-05 23:49","6.90E-02","-3.14"
"2022QC22","2022-09-16 12:48","2055-11-26 17:24","1.33E-06","-4.82"
"2022QU36","2022-09-14 14:04","2109-09-18 03:01","1.34E-11","-8.80"
"2022QD36","2022-09-14 13:11","2037-08-27 05:02","2.54E-06","-3.57"
"2022QX4","2022-09-12 13:33","2068-09-04 00:53","4.22E-03","-2.29"
"2022QN47","2022-09-12 12:40","2082-12-05 06:11","3.36E-07","-5.21"
"2022PC2","2022-09-11 07:35","2098-08-02 12:24","4.33E-10","-10.73"
"2021VH2","2022-09-09 08:19","2082-04-06 22:15","5.82E-06","-7.34"
"2022RB2","2022-09-07 13:10","2066-09-03 22:29","7.60E-11","-11.25"
"2022QH8","2022-09-07 13:00","2110-09-13 07:04","1.97E-10","-9.25"
"2022QO6","2022-09-07 07:46","2112-10-15 02:55","3.04E-08","-8.10"
"2022QU","2022-09-03 07:11","2119-09-11 10:33","1.26E-07","-6.63"
"2011BT59","2022-09-02 06:44","2078-04-11 18:12","5.21E-09","-5.83"
"2022QT5","2022-09-01 06:39","2105-12-23 14:51","9.47E-10","-9.69"
"2022LX","2022-08-30 14:25","2071-07-29 21:14","3.19E-09","-8.55"
"2022QP4","2022-08-26 08:45","2072-08-30 09:13","1.90E-08","-8.88"
"2022PD","2022-08-25 06:32","2104-07-27 02:02","9.16E-07","-5.96"
"2022QC","2022-08-20 17:14","2111-08-23 20:47","4.70E-11","-10.57"
"2022OR","2022-08-19 14:18","2085-08-12 08:23","2.14E-10","-8.31"
"2022MK1","2022-08-19 08:00","2118-07-20 15:56","4.45E-07","-6.25"
"2020BP12","2022-08-18 07:54","2109-01-23 05:44","1.43E-10","-10.51"
"2022PW","2022-08-16 07:38","2087-02-07 14:35","2.34E-08","-8.06"
"2017BF136","2022-08-16 07:37","2057-01-31 21:37","3.61E-09","-8.66"
"2020HO6","2022-08-12 15:57","2113-04-18 18:40","4.15E-07","-7.53"
"2010CA","2022-08-11 09:35","2022-08-07 07:29","7.55E-09","-6.06"
"2022OK5","2022-08-08 23:02","2120-08-02 16:58","2.55E-07","-5.84"
"2022PW","2022-08-08 07:26","2098-02-08 01:04","1.67E-08","-8.32"
"2018BH1","2022-08-08 07:25","2095-09-15 22:17","1.21E-08","-8.10"
"2022ML3","2022-08-07 08:53","2119-04-15 22:36","5.04E-09","-9.96"
"2022OK","2022-08-04 08:24","2120-07-20 15:24","3.49E-08","-9.56"
"2014EK67","2022-08-03 07:28","2026-09-24 04:04","1.80E-10","-3.38"
"2022OR","2022-07-29 15:53","2093-08-13 05:28","2.99E-09","-7.14"
"2022OM","2022-07-28 14:17","2120-07-12 08:01","3.47E-08","-6.77"
"2022OH","2022-07-27 13:57","2094-11-22 02:34","1.75E-09","-6.87"
"2022OY","2022-07-26 14:06","2110-07-24 04:04","8.18E-07","-6.37"
"2022ML3","2022-07-25 14:12","2115-05-07 15:33","2.57E-08","-9.15"
"2022NH1","2022-07-22 13:16","2045-02-16 06:20","3.20E-09","-6.11"
"2022KK5","2022-07-19 15:27","2043-05-27 14:22","1.84E-07","-6.50"
"2022BX1","2022-07-19 15:25","2121-07-13 05:08","4.62E-09","-7.09"
"2022NJ","2022-07-14 13:43","2085-07-16 19:15","3.59E-07","-7.07"
"2014CH13","2022-07-13 08:31","2047-07-08 05:10","6.76E-10","-8.86"
"2022AE2","2022-07-08 16:45","2096-01-08 23:40","3.61E-04","-4.14"
"2022ME4","2022-07-08 05:48","2102-08-06 07:06","8.54E-07","-4.73"
"2022LB3","2022-07-04 12:59","2052-05-18 23:12","2.07E-08","-6.28"
"2022ML3","2022-07-03 14:10","2118-04-30 21:45","2.84E-07","-8.11"
"2022KE6","2022-06-30 14:26","2119-05-17 08:44","1.95E-09","-8.13"
"2022LV","2022-06-26 22:37","2095-09-17 00:16","1.67E-07","-7.64"
"2017SM33","2022-06-24 12:41","2024-03-20 10:41","7.12E-11","-6.08"
"2021QM1","2022-06-22 13:23","2052-04-02 01:36","3.21E-04","-2.69"
"2021LC3","2022-06-15 08:02","2065-06-09 18:38","1.21E-09","-9.68"
"2021PB9","2022-06-15 08:01","2078-08-16 20:53","9.36E-10","-8.90"
"2021JT","2022-06-15 08:01","2120-05-11 22:33","2.09E-11","-12.24"
"2021UU","2022-06-15 08:01","2088-10-21 22:30","3.79E-10","-10.36"
"2021RA10","2022-06-15 08:00","2113-09-01 11:22","1.97E-11","-11.37"
"2022HM","2022-06-15 07:26","2117-04-22 01:17","3.23E-11","-11.91"
"2022LB1","2022-06-12 11:34","2114-06-16 14:11","2.58E-07","-5.23"
"2022LX1","2022-06-12 11:33","2111-07-14 05:08","1.88E-05","-2.60"
"2022KJ5","2022-06-03 05:56","2091-05-26 12:41","1.25E-08","-7.90"
"2022KG1","2022-06-01 14:57","2102-05-23 02:36","8.26E-08","-9.24"
"2020TJ3","2022-05-27 07:33","2114-11-06 02:27","8.38E-08","-7.27"
"2022KL1","2022-05-25 14:11","2112-05-21 19:50","6.54E-11","-11.71"
"2019SQ8","2022-05-16 13:27","2094-04-20 21:59","3.67E-11","-9.56"
"2022HY3","2022-05-13 13:17","2116-05-04 23:41","2.22E-08","-9.37"
"2022JC1","2022-05-13 05:35","2078-05-17 21:20","9.63E-08","-7.27"
"2022JK","2022-05-07 06:23","2093-10-29 21:58","5.35E-07","-6.88"
"2022HY3","2022-05-07 06:22","2091-05-06 15:37","2.21E-08","-9.23"
"2019UC14","2022-05-07 06:22","2111-11-16 04:06","3.67E-11","-9.74"
"2014MO68","2022-05-07 06:21","2108-08-07 01:33","7.20E-07","-5.77"
"2022HL","2022-05-04 13:03","2120-04-12 18:37","2.27E-09","-8.48"
"2022HH1","2022-05-01 09:04","2099-03-25 22:39","1.70E-08","-9.39"
"2022HP","2022-04-29 13:41","2062-04-08 10:55","1.65E-08","-6.68"
"2022HD3","2022-04-29 13:23","2074-05-04 14:56","4.15E-10","-10.18"
"2022HC3","2022-04-29 12:59","2099-10-14 07:47","5.13E-09","-6.20"
"2022HH1","2022-04-26 14:57","2095-03-25 20:30","1.51E-09","-10.43"
"2022GU6","2022-04-26 13:14","2066-06-16 03:21","1.79E-10","-8.90"
